"Kingdom","Phylum","Class","Order","Family","Genus","Species"
"Bacteria","Proteobacteria","Gammaproteobacteria","Aeromonadales","Aeromonadaceae","Aeromonas",NA
"Bacteria","Proteobacteria","Gammaproteobacteria","Enterobacteriales","Enterobacteriaceae",NA,NA
"Bacteria","Proteobacteria","Gammaproteobacteria","Enterobacteriales","Enterobacteriaceae",NA,NA
"Bacteria","Proteobacteria","Gammaproteobacteria","Aeromonadales","Aeromonadaceae",NA,NA
"Bacteria","Proteobacteria","Gammaproteobacteria","Pseudomonadales","Moraxellaceae","Acinetobacter","guillouiae"
"Bacteria","Proteobacteria","Gammaproteobacteria","Enterobacteriales","Enterobacteriaceae","Serratia",NA
"Bacteria","Proteobacteria","Gammaproteobacteria","Aeromonadales","Aeromonadaceae","Aeromonas",NA
"Bacteria","Bacteroidetes","Flavobacteriia","Flavobacteriales","[Weeksellaceae]","Chryseobacterium",NA
"Bacteria","Proteobacteria","Gammaproteobacteria","Enterobacteriales","Enterobacteriaceae",NA,NA
"Bacteria","Proteobacteria","Gammaproteobacteria","Pseudomonadales","Moraxellaceae","Acinetobacter","johnsonii"
"Bacteria","Proteobacteria","Betaproteobacteria","Burkholderiales","Oxalobacteraceae","Janthinobacterium","lividum"
"Bacteria","Proteobacteria","Betaproteobacteria","Burkholderiales","Comamonadaceae","Comamonas",NA
"Bacteria","Proteobacteria","Gammaproteobacteria","Enterobacteriales","Enterobacteriaceae","Serratia",NA
"Bacteria","Proteobacteria","Betaproteobacteria","Burkholderiales","Comamonadaceae","Delftia",NA
"Bacteria","Proteobacteria","Gammaproteobacteria","Enterobacteriales","Enterobacteriaceae",NA,NA
"Bacteria","Proteobacteria","Betaproteobacteria","Burkholderiales","Comamonadaceae","Comamonas",NA
"Bacteria","Proteobacteria","Gammaproteobacteria","Aeromonadales","Aeromonadaceae",NA,NA
"Bacteria","Proteobacteria","Gammaproteobacteria","Aeromonadales","Aeromonadaceae",NA,NA
"Bacteria","Proteobacteria","Gammaproteobacteria","Enterobacteriales","Enterobacteriaceae",NA,NA
"Bacteria","Proteobacteria","Gammaproteobacteria","Pseudomonadales","Moraxellaceae","Acinetobacter",NA
"Bacteria","Proteobacteria","Betaproteobacteria","Burkholderiales","Comamonadaceae","Comamonas",NA
"Bacteria","Proteobacteria","Betaproteobacteria","Burkholderiales","Oxalobacteraceae","Janthinobacterium","lividum"
"Bacteria","Proteobacteria","Alphaproteobacteria","Caulobacterales","Caulobacteraceae","Brevundimonas","vesicularis"
"Bacteria","Proteobacteria","Gammaproteobacteria","Enterobacteriales","Enterobacteriaceae","Yersinia",NA
"Bacteria","Proteobacteria","Betaproteobacteria","Burkholderiales","Comamonadaceae","Delftia",NA
"Bacteria","Proteobacteria","Betaproteobacteria","Burkholderiales","Oxalobacteraceae","Janthinobacterium","lividum"
"Bacteria","Proteobacteria","Gammaproteobacteria","Pseudomonadales","Pseudomonadaceae","Pseudomonas",NA
"Bacteria","Proteobacteria","Gammaproteobacteria","Enterobacteriales","Enterobacteriaceae",NA,NA
"Bacteria","Proteobacteria","Gammaproteobacteria","Enterobacteriales","Enterobacteriaceae",NA,NA
"Bacteria","Proteobacteria","Gammaproteobacteria","Enterobacteriales","Enterobacteriaceae",NA,NA
"Bacteria","Bacteroidetes","Sphingobacteriia","Sphingobacteriales","Sphingobacteriaceae","Sphingobacterium","faecium"
"Bacteria","Proteobacteria","Gammaproteobacteria","Enterobacteriales","Enterobacteriaceae","Gluconacetobacter",NA
"Bacteria","Proteobacteria","Betaproteobacteria","Burkholderiales","Comamonadaceae","Comamonas",NA
"Bacteria","Firmicutes","Bacilli","Lactobacillales","Enterococcaceae","Vagococcus",NA
"Bacteria","Proteobacteria","Gammaproteobacteria","Aeromonadales","Aeromonadaceae","Aeromonas",NA
"Bacteria","Proteobacteria","Gammaproteobacteria","Enterobacteriales","Enterobacteriaceae","Yersinia",NA
"Bacteria","Proteobacteria","Gammaproteobacteria","Aeromonadales","Aeromonadaceae",NA,NA
"Bacteria","Proteobacteria","Gammaproteobacteria","Pseudomonadales","Moraxellaceae","Acinetobacter",NA
"Bacteria","Firmicutes","Bacilli","Lactobacillales","Carnobacteriaceae","Carnobacterium",NA
"Bacteria","Proteobacteria","Betaproteobacteria","Burkholderiales","Comamonadaceae","Comamonas",NA
"Bacteria","Proteobacteria","Gammaproteobacteria","Enterobacteriales","Enterobacteriaceae",NA,NA
"Bacteria","Proteobacteria","Gammaproteobacteria","Enterobacteriales","Enterobacteriaceae","Gluconacetobacter",NA
"Bacteria","Bacteroidetes","Bacteroidia","Bacteroidales","Porphyromonadaceae","Dysgonomonas",NA
"Bacteria","Bacteroidetes","Sphingobacteriia","Sphingobacteriales","Sphingobacteriaceae","Pedobacter",NA
"Bacteria","Proteobacteria","Gammaproteobacteria","Pseudomonadales","Pseudomonadaceae","Pseudomonas",NA
"Bacteria","Proteobacteria","Gammaproteobacteria","Enterobacteriales","Enterobacteriaceae","Gluconacetobacter",NA
"Bacteria","Proteobacteria","Gammaproteobacteria","Aeromonadales","Aeromonadaceae","Aeromonas",NA
"Bacteria","Proteobacteria","Gammaproteobacteria","Aeromonadales","Aeromonadaceae",NA,NA
"Bacteria","Proteobacteria","Gammaproteobacteria","Aeromonadales","Aeromonadaceae","Aeromonas",NA
"Bacteria","Bacteroidetes","Flavobacteriia","Flavobacteriales","[Weeksellaceae]","Chryseobacterium",NA
"Bacteria","Proteobacteria","Gammaproteobacteria","Pseudomonadales","Pseudomonadaceae","Pseudomonas","veronii"
"Bacteria","Proteobacteria","Gammaproteobacteria","Aeromonadales","Aeromonadaceae","Aeromonas",NA
"Bacteria","Firmicutes","Bacilli","Bacillales","[Exiguobacteraceae]","Exiguobacterium",NA
"Bacteria","Proteobacteria","Gammaproteobacteria","Pseudomonadales","Pseudomonadaceae","Pseudomonas",NA
"Bacteria","Proteobacteria","Gammaproteobacteria","Pseudomonadales","Pseudomonadaceae","Pseudomonas","veronii"
"Bacteria","Proteobacteria","Gammaproteobacteria","Pseudomonadales","Moraxellaceae","Acinetobacter",NA
"Bacteria","Proteobacteria","Gammaproteobacteria","Enterobacteriales","Enterobacteriaceae",NA,NA
"Bacteria","Proteobacteria","Gammaproteobacteria","Aeromonadales","Aeromonadaceae","Aeromonas",NA
"Bacteria","Proteobacteria","Gammaproteobacteria","Pseudomonadales","Moraxellaceae","Acinetobacter","johnsonii"
"Bacteria","Bacteroidetes","Flavobacteriia","Flavobacteriales","[Weeksellaceae]","Chryseobacterium",NA
"Bacteria","Proteobacteria","Gammaproteobacteria","Pseudomonadales","Pseudomonadaceae","Pseudomonas",NA
"Bacteria","Proteobacteria","Betaproteobacteria","Burkholderiales","Comamonadaceae","Variovorax","paradoxus"
"Bacteria","Proteobacteria","Gammaproteobacteria","Pseudomonadales","Moraxellaceae","Acinetobacter","johnsonii"
"Bacteria","Proteobacteria","Gammaproteobacteria","Aeromonadales","Aeromonadaceae","Aeromonas",NA
"Bacteria","Proteobacteria","Gammaproteobacteria","Pseudomonadales","Moraxellaceae","Acinetobacter",NA
"Bacteria","Bacteroidetes","Bacteroidia","Bacteroidales","Porphyromonadaceae","Dysgonomonas",NA
"Bacteria","Proteobacteria","Betaproteobacteria","Burkholderiales","Oxalobacteraceae","Janthinobacterium","lividum"
"Bacteria","Proteobacteria","Gammaproteobacteria","Enterobacteriales","Enterobacteriaceae",NA,NA
"Bacteria","Proteobacteria","Gammaproteobacteria","Enterobacteriales","Enterobacteriaceae",NA,NA
"Bacteria","Proteobacteria","Gammaproteobacteria","Pseudomonadales","Moraxellaceae","Acinetobacter","johnsonii"
"Bacteria","Proteobacteria","Gammaproteobacteria","Aeromonadales","Aeromonadaceae",NA,NA
"Bacteria","Proteobacteria","Gammaproteobacteria","Aeromonadales","Aeromonadaceae",NA,NA
"Bacteria","Proteobacteria","Gammaproteobacteria","Aeromonadales","Aeromonadaceae",NA,NA
"Bacteria","Firmicutes","Bacilli","Bacillales","Paenibacillaceae","Paenibacillus",NA
"Bacteria","Bacteroidetes","Flavobacteriia","Flavobacteriales","Flavobacteriaceae","Flavobacterium",NA
"Bacteria","Bacteroidetes","Sphingobacteriia","Sphingobacteriales","Sphingobacteriaceae","Sphingobacterium","faecium"
"Bacteria","Bacteroidetes","Sphingobacteriia","Sphingobacteriales","Sphingobacteriaceae","Pedobacter",NA
"Bacteria","Proteobacteria","Gammaproteobacteria","Pseudomonadales","Moraxellaceae","Acinetobacter","johnsonii"
"Bacteria","Proteobacteria","Betaproteobacteria","Burkholderiales","Oxalobacteraceae","Janthinobacterium","lividum"
"Bacteria","Proteobacteria","Gammaproteobacteria","Aeromonadales","Aeromonadaceae",NA,NA
"Bacteria","Proteobacteria","Gammaproteobacteria","Pseudomonadales","Pseudomonadaceae","Pseudomonas",NA
"Bacteria","Proteobacteria","Gammaproteobacteria","Enterobacteriales","Enterobacteriaceae",NA,NA
"Bacteria","Proteobacteria","Gammaproteobacteria","Pseudomonadales","Moraxellaceae","Acinetobacter","johnsonii"
"Bacteria","Bacteroidetes","Flavobacteriia","Flavobacteriales","Flavobacteriaceae","Flavobacterium",NA
"Bacteria","Bacteroidetes","Bacteroidia","Bacteroidales","Porphyromonadaceae","Dysgonomonas",NA
"Bacteria","Proteobacteria","Gammaproteobacteria","Enterobacteriales","Enterobacteriaceae",NA,NA
"Bacteria","Proteobacteria","Betaproteobacteria","Burkholderiales","Oxalobacteraceae","Janthinobacterium","lividum"
"Bacteria","Proteobacteria","Gammaproteobacteria","Aeromonadales","Aeromonadaceae","Aeromonas",NA
"Bacteria","Proteobacteria","Gammaproteobacteria","Aeromonadales","Aeromonadaceae","Aeromonas",NA
"Bacteria","Proteobacteria","Betaproteobacteria","Burkholderiales","Oxalobacteraceae","Janthinobacterium","lividum"
"Bacteria","Firmicutes","Clostridia","Clostridiales","Veillonellaceae",NA,NA
"Bacteria","Firmicutes","Bacilli","Bacillales","Paenibacillaceae","Paenibacillus",NA
"Bacteria","Bacteroidetes","Bacteroidia","Bacteroidales","Rikenellaceae","Blvii28",NA
"Bacteria","Proteobacteria","Gammaproteobacteria","Pseudomonadales","Pseudomonadaceae","Pseudomonas",NA
"Bacteria","Firmicutes","Bacilli","Bacillales","Paenibacillaceae","Paenibacillus",NA
"Bacteria","Proteobacteria","Betaproteobacteria","Burkholderiales","Oxalobacteraceae","Janthinobacterium","lividum"
"Bacteria","Bacteroidetes","Sphingobacteriia","Sphingobacteriales","Sphingobacteriaceae","Pedobacter",NA
"Bacteria","Proteobacteria","Betaproteobacteria","Burkholderiales","Comamonadaceae",NA,NA
"Bacteria","Proteobacteria","Gammaproteobacteria","Pseudomonadales","Moraxellaceae","Acinetobacter",NA
"Bacteria","Proteobacteria","Betaproteobacteria","Burkholderiales","Alcaligenaceae","Pigmentiphaga",NA
"Bacteria","Proteobacteria","Gammaproteobacteria","Enterobacteriales","Enterobacteriaceae",NA,NA
"Bacteria","Proteobacteria","Gammaproteobacteria","Pseudomonadales","Pseudomonadaceae","Pseudomonas",NA
"Bacteria","Proteobacteria","Gammaproteobacteria","Enterobacteriales","Enterobacteriaceae",NA,NA
"Bacteria","Bacteroidetes","Flavobacteriia","Flavobacteriales","Flavobacteriaceae","Flavobacterium",NA
"Bacteria","Firmicutes","Bacilli","Bacillales","Paenibacillaceae","Paenibacillus",NA
"Bacteria","Proteobacteria","Gammaproteobacteria","Enterobacteriales","Enterobacteriaceae",NA,NA
"Bacteria","Proteobacteria","Gammaproteobacteria","Pseudomonadales","Pseudomonadaceae","Pseudomonas",NA
"Bacteria","Proteobacteria","Gammaproteobacteria","Pseudomonadales","Moraxellaceae","Acinetobacter","johnsonii"
"Bacteria","Firmicutes","Bacilli","Bacillales","Paenibacillaceae","Paenibacillus",NA
"Bacteria","Proteobacteria","Gammaproteobacteria","Enterobacteriales","Enterobacteriaceae",NA,NA
"Bacteria","Firmicutes","Bacilli","Bacillales","Paenibacillaceae","Paenibacillus",NA
"Bacteria","Proteobacteria","Gammaproteobacteria","Pseudomonadales","Pseudomonadaceae","Pseudomonas","umsongensis"
"Bacteria","Proteobacteria","Betaproteobacteria","Burkholderiales","Oxalobacteraceae","Janthinobacterium","lividum"
"Bacteria","Proteobacteria","Gammaproteobacteria","Pseudomonadales","Pseudomonadaceae","Pseudomonas",NA
"Bacteria","Actinobacteria","Actinobacteria","Actinomycetales","Nocardiaceae","Rhodococcus",NA
"Bacteria","Proteobacteria","Gammaproteobacteria","Aeromonadales","Aeromonadaceae","Aeromonas",NA
"Bacteria","Firmicutes","Clostridia","Clostridiales","Lachnospiraceae","Clostridium",NA
"Bacteria","Proteobacteria","Gammaproteobacteria","Pseudomonadales","Pseudomonadaceae","Pseudomonas",NA
"Bacteria","Bacteroidetes","Sphingobacteriia","Sphingobacteriales","Sphingobacteriaceae","Pedobacter",NA
"Bacteria","Proteobacteria","Gammaproteobacteria","Pseudomonadales","Moraxellaceae","Acinetobacter",NA
"Bacteria","Proteobacteria","Alphaproteobacteria","Rhizobiales","Phyllobacteriaceae","Phyllobacterium",NA
"Bacteria","Proteobacteria","Gammaproteobacteria","Pseudomonadales","Pseudomonadaceae","Pseudomonas",NA
"Bacteria","Firmicutes","Bacilli","Lactobacillales","Enterococcaceae","Enterococcus","haemoperoxidus"
"Bacteria","Actinobacteria","Actinobacteria","Actinomycetales","Micrococcaceae","Arthrobacter",NA
"Bacteria","Proteobacteria","Gammaproteobacteria","Pseudomonadales","Moraxellaceae","Acinetobacter",NA
"Bacteria","Proteobacteria","Gammaproteobacteria","Pseudomonadales","Pseudomonadaceae","Pseudomonas","umsongensis"
"Bacteria","Proteobacteria","Gammaproteobacteria","Enterobacteriales","Enterobacteriaceae",NA,NA
"Bacteria","Proteobacteria","Gammaproteobacteria","Pseudomonadales","Pseudomonadaceae","Pseudomonas","fragi"
"Bacteria","Proteobacteria","Gammaproteobacteria","Pseudomonadales","Pseudomonadaceae","Pseudomonas",NA
"Bacteria","Proteobacteria","Gammaproteobacteria","Aeromonadales","Aeromonadaceae","Aeromonas",NA
"Bacteria","Proteobacteria","Gammaproteobacteria","Enterobacteriales","Enterobacteriaceae",NA,NA
"Bacteria","Proteobacteria","Gammaproteobacteria","Pseudomonadales","Pseudomonadaceae","Pseudomonas",NA
"Bacteria","Bacteroidetes","Flavobacteriia","Flavobacteriales","Flavobacteriaceae","Flavobacterium","succinicans"
"Bacteria","Firmicutes","Clostridia","Clostridiales","Veillonellaceae","Pelosinus",NA
"Bacteria","Firmicutes","Clostridia","Clostridiales","[Mogibacteriaceae]","Anaerovorax",NA
"Bacteria","Proteobacteria","Gammaproteobacteria","Pseudomonadales","Moraxellaceae","Acinetobacter",NA
"Bacteria","Proteobacteria","Gammaproteobacteria","Pseudomonadales","Pseudomonadaceae","Pseudomonas","viridiflava"
"Bacteria","Firmicutes","Clostridia","Clostridiales","Peptostreptococcaceae","[Clostridium]","bifermentans"
"Bacteria","Proteobacteria","Gammaproteobacteria","Pseudomonadales","Pseudomonadaceae","Pseudomonas",NA
"Bacteria","Bacteroidetes","Flavobacteriia","Flavobacteriales","[Weeksellaceae]","Chryseobacterium",NA
"Bacteria","Proteobacteria","Gammaproteobacteria","Pseudomonadales","Pseudomonadaceae","Pseudomonas",NA
"Bacteria","Proteobacteria","Gammaproteobacteria","Enterobacteriales","Enterobacteriaceae",NA,NA
"Bacteria","Proteobacteria","Gammaproteobacteria","Pseudomonadales","Moraxellaceae","Acinetobacter",NA
"Bacteria","Proteobacteria","Gammaproteobacteria","Enterobacteriales","Enterobacteriaceae",NA,NA
"Bacteria","Firmicutes","Clostridia","Clostridiales","Clostridiaceae","Clostridium",NA
"Bacteria","Proteobacteria","Gammaproteobacteria","Pseudomonadales","Pseudomonadaceae","Pseudomonas",NA
"Bacteria","Proteobacteria","Gammaproteobacteria","Enterobacteriales","Enterobacteriaceae",NA,NA
"Bacteria","Proteobacteria","Betaproteobacteria","Neisseriales","Neisseriaceae","Vogesella",NA
"Bacteria","Firmicutes","Clostridia","Clostridiales","Clostridiaceae","Clostridium","bowmanii"
"Bacteria","Proteobacteria","Gammaproteobacteria","Aeromonadales","Aeromonadaceae",NA,NA
"Bacteria","Bacteroidetes","Bacteroidia","Bacteroidales","Rikenellaceae","Blvii28",NA
"Bacteria","Proteobacteria","Alphaproteobacteria","Rhizobiales","Hyphomicrobiaceae","Devosia",NA
"Bacteria","Firmicutes","Clostridia","Clostridiales","Veillonellaceae","Pelosinus",NA
"Bacteria","Firmicutes","Clostridia","Clostridiales","Lachnospiraceae","Clostridium",NA
"Bacteria","Proteobacteria","Gammaproteobacteria","Pseudomonadales","Pseudomonadaceae","Pseudomonas",NA
"Bacteria","Firmicutes","Clostridia","Clostridiales","Clostridiaceae","Clostridium","bowmanii"
"Bacteria","Proteobacteria","Gammaproteobacteria","Pseudomonadales","Pseudomonadaceae","Pseudomonas","fragi"
"Bacteria","OD1",NA,NA,NA,NA,NA
"Bacteria","Proteobacteria","Gammaproteobacteria","Pseudomonadales","Pseudomonadaceae","Pseudomonas","veronii"
"Bacteria","Proteobacteria","Betaproteobacteria","Burkholderiales","Comamonadaceae","Acidovorax",NA
"Bacteria","Proteobacteria","Gammaproteobacteria","Pseudomonadales","Pseudomonadaceae","Pseudomonas",NA
"Bacteria","Proteobacteria","Gammaproteobacteria","Enterobacteriales","Enterobacteriaceae",NA,NA
"Bacteria","Proteobacteria","Gammaproteobacteria","Pseudomonadales","Moraxellaceae","Acinetobacter",NA
"Bacteria","Proteobacteria","Gammaproteobacteria","Pseudomonadales","Pseudomonadaceae","Pseudomonas",NA
"Bacteria","Proteobacteria","Gammaproteobacteria","Enterobacteriales","Enterobacteriaceae",NA,NA
"Bacteria","Proteobacteria","Gammaproteobacteria","Aeromonadales","Aeromonadaceae",NA,NA
"Bacteria","OD1",NA,NA,NA,NA,NA
"Bacteria","OD1",NA,NA,NA,NA,NA
"Bacteria","Firmicutes","Clostridia","Clostridiales","Ruminococcaceae","Oscillospira",NA
"Bacteria","Proteobacteria","Gammaproteobacteria","Pseudomonadales","Moraxellaceae","Acinetobacter","lwoffii"
"Bacteria","Proteobacteria","Gammaproteobacteria","Aeromonadales","Aeromonadaceae","Aeromonas","popoffii"
"Bacteria","Proteobacteria","Gammaproteobacteria","Pseudomonadales","Pseudomonadaceae","Pseudomonas",NA
"Bacteria",NA,NA,NA,NA,NA,NA
"Bacteria","Proteobacteria","Gammaproteobacteria","Pseudomonadales","Pseudomonadaceae","Pseudomonas",NA
"Bacteria","Firmicutes","Clostridia","Clostridiales","Clostridiaceae","Clostridium",NA
"Bacteria","Proteobacteria","Alphaproteobacteria","Rhizobiales","Rhizobiaceae","Kaistia",NA
"Bacteria","Actinobacteria","Actinobacteria","Actinomycetales","Microbacteriaceae","Frigoribacterium",NA
"Bacteria",NA,NA,NA,NA,NA,NA
"Bacteria","Proteobacteria","Gammaproteobacteria","Pseudomonadales","Pseudomonadaceae","Pseudomonas","umsongensis"
"Bacteria","Proteobacteria","Gammaproteobacteria","Pseudomonadales","Pseudomonadaceae","Pseudomonas",NA
"Bacteria","Proteobacteria","Gammaproteobacteria","Pseudomonadales","Pseudomonadaceae","Pseudomonas",NA
"Bacteria","OD1",NA,NA,NA,NA,NA
"Bacteria","Firmicutes","Clostridia","Clostridiales","Lachnospiraceae","Bacteroides","xylanolyticus"
"Bacteria",NA,NA,NA,NA,NA,NA
"Bacteria","Proteobacteria","Gammaproteobacteria","Pseudomonadales","Pseudomonadaceae","Pseudomonas",NA
"Bacteria","Firmicutes","Bacilli","Bacillales","Paenibacillaceae","Paenibacillus",NA
"Bacteria","Proteobacteria","Gammaproteobacteria","Pseudomonadales","Moraxellaceae","Acinetobacter",NA
"Bacteria","Firmicutes","Clostridia","Clostridiales","Veillonellaceae","Pelosinus",NA
"Bacteria","Proteobacteria","Gammaproteobacteria","Pseudomonadales","Pseudomonadaceae","Pseudomonas",NA
"Bacteria","Proteobacteria","Gammaproteobacteria","Aeromonadales","Aeromonadaceae","Aeromonas",NA
"Bacteria","Firmicutes","Clostridia","Clostridiales","Clostridiaceae","Clostridium",NA
"Bacteria","Firmicutes","Clostridia","Clostridiales","Clostridiaceae",NA,NA
"Bacteria","Proteobacteria","Gammaproteobacteria","Enterobacteriales","Enterobacteriaceae",NA,NA
"Bacteria","Proteobacteria","Gammaproteobacteria","Pseudomonadales","Pseudomonadaceae","Pseudomonas",NA
"Bacteria",NA,NA,NA,NA,NA,NA
"Bacteria","Proteobacteria","Gammaproteobacteria","Enterobacteriales","Enterobacteriaceae",NA,NA
"Bacteria","Proteobacteria","Gammaproteobacteria","Pseudomonadales","Moraxellaceae","Acinetobacter",NA
"Bacteria","Proteobacteria","Betaproteobacteria","Neisseriales","Neisseriaceae","Chromobacterium",NA
"Bacteria","Firmicutes","Clostridia","Clostridiales","[Mogibacteriaceae]","Anaerovorax",NA
"Bacteria","Proteobacteria","Gammaproteobacteria","Aeromonadales","Aeromonadaceae","Aeromonas",NA
"Bacteria","Proteobacteria","Gammaproteobacteria","Pseudomonadales","Moraxellaceae","Acinetobacter",NA
"Bacteria","Firmicutes","Clostridia","Clostridiales","Veillonellaceae",NA,NA
"Bacteria","Proteobacteria","Gammaproteobacteria","Aeromonadales","Aeromonadaceae","Aeromonas",NA
"Bacteria","Actinobacteria","Actinobacteria","Actinomycetales",NA,NA,NA
"Bacteria","Proteobacteria","Gammaproteobacteria","Pseudomonadales","Moraxellaceae","Acinetobacter",NA
"Bacteria","Proteobacteria","Gammaproteobacteria","Pseudomonadales","Moraxellaceae","Acinetobacter",NA
"Bacteria",NA,NA,NA,NA,NA,NA
"Bacteria","OD1",NA,NA,NA,NA,NA
"Bacteria","Firmicutes","Clostridia","Clostridiales","Ruminococcaceae","Oscillospira",NA
"Bacteria","Firmicutes","Bacilli","Bacillales","Paenibacillaceae","Paenibacillus",NA
"Bacteria","Proteobacteria","Gammaproteobacteria","Pseudomonadales","Pseudomonadaceae","Pseudomonas","fragi"
"Bacteria",NA,NA,NA,NA,NA,NA
"Bacteria","Proteobacteria","Gammaproteobacteria","Pseudomonadales","Moraxellaceae","Acinetobacter",NA
"Bacteria","Firmicutes","Clostridia","Clostridiales","Veillonellaceae","Pelosinus",NA
"Bacteria","Firmicutes","Clostridia","Clostridiales","Ruminococcaceae","Oscillospira",NA
"Bacteria","Firmicutes","Clostridia","Clostridiales","Clostridiaceae",NA,NA
"Bacteria","Proteobacteria","Gammaproteobacteria","Aeromonadales","Aeromonadaceae","Aeromonas",NA
"Bacteria",NA,NA,NA,NA,NA,NA
"Bacteria","Proteobacteria","Gammaproteobacteria","Aeromonadales","Aeromonadaceae","Aeromonas",NA
"Bacteria","Proteobacteria","Gammaproteobacteria","Aeromonadales","Aeromonadaceae","Aeromonas",NA
"Bacteria","OD1",NA,NA,NA,NA,NA
"Bacteria","Firmicutes","Clostridia","Clostridiales","Clostridiaceae","Clostridium","bowmanii"
"Bacteria","Firmicutes","Clostridia","Clostridiales","Clostridiaceae","Clostridium",NA
"Bacteria","Proteobacteria","Gammaproteobacteria","Enterobacteriales","Enterobacteriaceae",NA,NA
"Bacteria",NA,NA,NA,NA,NA,NA
"Bacteria",NA,NA,NA,NA,NA,NA
"Bacteria","Proteobacteria","Gammaproteobacteria","Pseudomonadales","Pseudomonadaceae","Pseudomonas",NA
"Bacteria",NA,NA,NA,NA,NA,NA
"Bacteria",NA,NA,NA,NA,NA,NA
"Bacteria","Actinobacteria","Actinobacteria","Actinomycetales","Micrococcaceae","Arthrobacter",NA
"Bacteria","Firmicutes","Clostridia","Clostridiales","Veillonellaceae","Pelosinus",NA
"Bacteria",NA,NA,NA,NA,NA,NA
"Bacteria","Proteobacteria","Alphaproteobacteria","Rhizobiales","Rhizobiaceae","Rhizobium",NA
"Bacteria","Proteobacteria","Gammaproteobacteria","Enterobacteriales","Enterobacteriaceae",NA,NA
"Bacteria","Firmicutes","Bacilli","Bacillales","Planococcaceae","Lysinibacillus",NA
"Bacteria","OD1",NA,NA,NA,NA,NA
"Bacteria",NA,NA,NA,NA,NA,NA
"Bacteria","OD1",NA,NA,NA,NA,NA
"Bacteria",NA,NA,NA,NA,NA,NA
"Bacteria","Proteobacteria","Betaproteobacteria","Burkholderiales","Oxalobacteraceae","Janthinobacterium","lividum"
"Bacteria","OD1",NA,NA,NA,NA,NA
"Bacteria",NA,NA,NA,NA,NA,NA
"Bacteria","Firmicutes","Bacilli","Bacillales","Paenibacillaceae","Paenibacillus",NA
"Bacteria","OD1",NA,NA,NA,NA,NA
"Bacteria","Bacteroidetes","Bacteroidia","Bacteroidales","Rikenellaceae","Blvii28",NA
"Bacteria","Firmicutes","Clostridia","Clostridiales","Ruminococcaceae","Oscillospira",NA
"Bacteria","Firmicutes","Bacilli","Bacillales","Paenibacillaceae","Paenibacillus",NA
"Bacteria","Proteobacteria","Gammaproteobacteria","Enterobacteriales","Enterobacteriaceae","Rahnella","aquatilis"
"Bacteria","Proteobacteria","Gammaproteobacteria","Pseudomonadales","Pseudomonadaceae","Pseudomonas",NA
"Bacteria","Proteobacteria","Gammaproteobacteria","Enterobacteriales","Enterobacteriaceae",NA,NA
"Bacteria","OD1",NA,NA,NA,NA,NA
"Bacteria","Proteobacteria","Gammaproteobacteria","Pseudomonadales","Pseudomonadaceae","Pseudomonas",NA
"Bacteria","Proteobacteria","Gammaproteobacteria","Pseudomonadales","Pseudomonadaceae","Pseudomonas",NA
"Bacteria",NA,NA,NA,NA,NA,NA
"Bacteria","Firmicutes","Clostridia","Clostridiales","Clostridiaceae","Clostridium",NA
"Bacteria","Firmicutes","Clostridia","Clostridiales","Clostridiaceae","Clostridium","tyrobutyricum"
"Bacteria","Proteobacteria","Gammaproteobacteria","Aeromonadales","Aeromonadaceae","Aeromonas",NA
"Bacteria","Proteobacteria","Gammaproteobacteria","Pseudomonadales","Moraxellaceae","Acinetobacter",NA
"Bacteria","OD1",NA,NA,NA,NA,NA
"Bacteria","Firmicutes","Clostridia","Clostridiales","Veillonellaceae","Pelosinus",NA
"Bacteria","Cyanobacteria","Chloroplast","Stramenopiles",NA,NA,NA
"Bacteria","Firmicutes","Bacilli","Bacillales","Bacillaceae","Bacillus",NA
"Bacteria","Cyanobacteria","Chloroplast","Stramenopiles",NA,NA,NA
"Bacteria",NA,NA,NA,NA,NA,NA
"Bacteria","Proteobacteria","Gammaproteobacteria","Pseudomonadales","Pseudomonadaceae","Pseudomonas",NA
"Bacteria","OD1",NA,NA,NA,NA,NA
"Bacteria","Proteobacteria","Betaproteobacteria","Burkholderiales","Comamonadaceae","Variovorax","paradoxus"
"Bacteria",NA,NA,NA,NA,NA,NA
"Bacteria","Proteobacteria","Gammaproteobacteria","Pseudomonadales","Pseudomonadaceae","Pseudomonas",NA
"Bacteria","Proteobacteria","Gammaproteobacteria","Enterobacteriales","Enterobacteriaceae",NA,NA
"Bacteria","Proteobacteria","Gammaproteobacteria","Aeromonadales","Aeromonadaceae","Aeromonas",NA
"Bacteria","Firmicutes","Bacilli","Bacillales","[Exiguobacteraceae]","Exiguobacterium",NA
"Bacteria","Cyanobacteria","Chloroplast",NA,NA,NA,NA
"Bacteria","Proteobacteria","Alphaproteobacteria","Rickettsiales","mitochondria",NA,NA
"Bacteria","Proteobacteria","Gammaproteobacteria","Pseudomonadales","Pseudomonadaceae","Pseudomonas",NA
"Bacteria","Firmicutes","Clostridia","Clostridiales","Clostridiaceae",NA,NA
"Bacteria","Bacteroidetes","Flavobacteriia","Flavobacteriales","Flavobacteriaceae","Flavobacterium",NA
"Bacteria","Firmicutes","Clostridia","Clostridiales","Clostridiaceae",NA,NA
"Bacteria","Proteobacteria","Alphaproteobacteria","Rhizobiales","Bradyrhizobiaceae","Balneimonas",NA
"Bacteria","Firmicutes","Clostridia","Clostridiales","Veillonellaceae","Pelosinus",NA
"Bacteria","Bacteroidetes","Flavobacteriia","Flavobacteriales","[Weeksellaceae]","Chryseobacterium",NA
"Bacteria","Firmicutes","Bacilli","Bacillales","[Exiguobacteraceae]","Exiguobacterium",NA
"Bacteria",NA,NA,NA,NA,NA,NA
"Bacteria","Proteobacteria","Alphaproteobacteria","Rhizobiales","Rhizobiaceae",NA,NA
"Bacteria","Cyanobacteria","Chloroplast","Stramenopiles",NA,NA,NA
"Bacteria","OD1",NA,NA,NA,NA,NA
"Bacteria","Proteobacteria","Alphaproteobacteria","Caulobacterales","Caulobacteraceae","Brevundimonas","vesicularis"
"Bacteria","Proteobacteria","Gammaproteobacteria","Pseudomonadales","Moraxellaceae","Acinetobacter",NA
"Bacteria","Proteobacteria","Gammaproteobacteria","Pseudomonadales","Pseudomonadaceae","Pseudomonas",NA
"Bacteria",NA,NA,NA,NA,NA,NA
"Bacteria","Firmicutes","Bacilli","Bacillales","[Exiguobacteraceae]","Exiguobacterium",NA
"Bacteria",NA,NA,NA,NA,NA,NA
"Bacteria","Firmicutes","Bacilli","Bacillales","[Exiguobacteraceae]","Exiguobacterium",NA
"Bacteria","Bacteroidetes","Bacteroidia","Bacteroidales","Bacteroidaceae","Bacteroides",NA
"Bacteria","OD1",NA,NA,NA,NA,NA
"Bacteria",NA,NA,NA,NA,NA,NA
"Bacteria","Proteobacteria","Gammaproteobacteria","Aeromonadales","Aeromonadaceae","Aeromonas",NA
"Bacteria","Bacteroidetes","Bacteroidia","Bacteroidales","Rikenellaceae",NA,NA
"Bacteria","OD1",NA,NA,NA,NA,NA
"Bacteria","Cyanobacteria","Chloroplast","Cryptophyta",NA,NA,NA
"Bacteria","Proteobacteria","Betaproteobacteria","Burkholderiales","Oxalobacteraceae",NA,NA
"Bacteria",NA,NA,NA,NA,NA,NA
"Bacteria","Firmicutes","Clostridia","Clostridiales","Ruminococcaceae",NA,NA
"Bacteria","OD1",NA,NA,NA,NA,NA
"Bacteria","Bacteroidetes","Bacteroidia","Bacteroidales","Porphyromonadaceae","Paludibacter",NA
"Bacteria","Bacteroidetes","Bacteroidia","Bacteroidales","Porphyromonadaceae","Paludibacter",NA
"Bacteria",NA,NA,NA,NA,NA,NA
"Bacteria","Proteobacteria","Gammaproteobacteria","Aeromonadales","Aeromonadaceae","Aeromonas",NA
"Bacteria",NA,NA,NA,NA,NA,NA
"Bacteria","Proteobacteria","Gammaproteobacteria","Pseudomonadales","Moraxellaceae","Acinetobacter","johnsonii"
"Bacteria","Proteobacteria","Gammaproteobacteria","Enterobacteriales","Enterobacteriaceae","Yersinia",NA
"Bacteria",NA,NA,NA,NA,NA,NA
"Bacteria",NA,NA,NA,NA,NA,NA
"Bacteria","Firmicutes","Bacilli","Bacillales","Paenibacillaceae","Paenibacillus",NA
"Bacteria","Firmicutes","Clostridia","Clostridiales","Veillonellaceae","Pelosinus",NA
"Bacteria",NA,NA,NA,NA,NA,NA
"Bacteria","Proteobacteria","Gammaproteobacteria","Pseudomonadales","Pseudomonadaceae","Pseudomonas",NA
"Bacteria","Bacteroidetes","Sphingobacteriia","Sphingobacteriales","Sphingobacteriaceae","Sphingobacterium","faecium"
"Bacteria",NA,NA,NA,NA,NA,NA
"Bacteria",NA,NA,NA,NA,NA,NA
"Bacteria","OD1",NA,NA,NA,NA,NA
"Bacteria","Firmicutes","Bacilli","Bacillales","Paenibacillaceae","Paenibacillus",NA
"Bacteria","Bacteroidetes","Flavobacteriia","Flavobacteriales","Flavobacteriaceae","Flavobacterium",NA
"Bacteria","Proteobacteria","Gammaproteobacteria","Pseudomonadales","Pseudomonadaceae","Pseudomonas","viridiflava"
"Bacteria","Bacteroidetes","Flavobacteriia","Flavobacteriales","Flavobacteriaceae","Flavobacterium","succinicans"
"Bacteria","Firmicutes","Clostridia","Clostridiales","[Mogibacteriaceae]","Anaerovorax",NA
"Bacteria","Proteobacteria","Gammaproteobacteria","Enterobacteriales","Enterobacteriaceae",NA,NA
"Bacteria",NA,NA,NA,NA,NA,NA
"Bacteria","Firmicutes","Clostridia","Clostridiales","Lachnospiraceae","Coprococcus",NA
"Bacteria","Proteobacteria","Gammaproteobacteria","Pseudomonadales","Pseudomonadaceae","Pseudomonas","viridiflava"
"Bacteria","Firmicutes","Clostridia","Clostridiales","Clostridiaceae","Clostridium",NA
"Bacteria","OD1",NA,NA,NA,NA,NA
"Bacteria","Actinobacteria","Actinobacteria","Actinomycetales","Cellulomonadaceae",NA,NA
"Bacteria","Firmicutes","Clostridia","Clostridiales","Clostridiaceae","Clostridium",NA
"Bacteria","Proteobacteria","Gammaproteobacteria","Aeromonadales","Aeromonadaceae",NA,NA
"Bacteria",NA,NA,NA,NA,NA,NA
"Bacteria","Bacteroidetes","Flavobacteriia","Flavobacteriales","Flavobacteriaceae","Flavobacterium",NA
"Bacteria","OD1",NA,NA,NA,NA,NA
"Bacteria","Cyanobacteria","Chloroplast",NA,NA,NA,NA
"Bacteria","Actinobacteria","Actinobacteria","Actinomycetales","Microbacteriaceae","Microbacterium",NA
"Bacteria","Proteobacteria","Betaproteobacteria","Burkholderiales","Oxalobacteraceae",NA,NA
"Bacteria",NA,NA,NA,NA,NA,NA
"Bacteria","Cyanobacteria","Chloroplast","Stramenopiles",NA,NA,NA
"Bacteria","Firmicutes","Clostridia","Clostridiales","Lachnospiraceae",NA,NA
"Bacteria","Firmicutes","Clostridia","Clostridiales","Veillonellaceae",NA,NA
"Bacteria","Proteobacteria","Gammaproteobacteria","Aeromonadales","Aeromonadaceae",NA,NA
"Bacteria","Firmicutes","Clostridia","Clostridiales","Clostridiaceae","Clostridium","butyricum"
"Bacteria","Firmicutes","Bacilli","Bacillales","Paenibacillaceae","Paenibacillus",NA
"Bacteria","Firmicutes","Clostridia","Clostridiales","[Mogibacteriaceae]","Anaerovorax",NA
"Bacteria",NA,NA,NA,NA,NA,NA
"Bacteria","Bacteroidetes","Flavobacteriia","Flavobacteriales","Flavobacteriaceae","Flavobacterium",NA
"Bacteria","Proteobacteria","Gammaproteobacteria","Enterobacteriales","Enterobacteriaceae",NA,NA
"Bacteria","Proteobacteria","Alphaproteobacteria","Rhizobiales","Aurantimonadaceae",NA,NA
"Bacteria","OD1",NA,NA,NA,NA,NA
"Bacteria","Proteobacteria","Gammaproteobacteria","Enterobacteriales","Enterobacteriaceae",NA,NA
"Bacteria","Proteobacteria","Gammaproteobacteria","Pseudomonadales","Pseudomonadaceae","Pseudomonas",NA
"Bacteria","Firmicutes","Clostridia","Clostridiales","Veillonellaceae","Pelosinus",NA
"Bacteria","Firmicutes","Clostridia","Clostridiales","Lachnospiraceae","Epulopiscium",NA
"Bacteria",NA,NA,NA,NA,NA,NA
"Bacteria","OD1",NA,NA,NA,NA,NA
"Bacteria","Bacteroidetes",NA,NA,NA,NA,NA
"Bacteria",NA,NA,NA,NA,NA,NA
"Bacteria","Firmicutes","Clostridia","Clostridiales","Peptostreptococcaceae",NA,NA
"Bacteria","Firmicutes","Clostridia","Clostridiales","Clostridiaceae","Clostridium",NA
"Bacteria",NA,NA,NA,NA,NA,NA
"Bacteria","OD1",NA,NA,NA,NA,NA
"Bacteria","Firmicutes","Clostridia","Clostridiales","Lachnospiraceae",NA,NA
"Bacteria","Firmicutes","Bacilli","Bacillales","Paenibacillaceae","Paenibacillus",NA
"Bacteria","OD1",NA,NA,NA,NA,NA
"Bacteria","Firmicutes","Bacilli","Bacillales","Staphylococcaceae","Staphylococcus",NA
"Bacteria","Cyanobacteria","Chloroplast","Stramenopiles",NA,NA,NA
"Bacteria","Cyanobacteria","Chloroplast","Cryptophyta",NA,NA,NA
"Bacteria","Verrucomicrobia","[Spartobacteria]","[Chthoniobacterales]","[Chthoniobacteraceae]","DA101",NA
"Bacteria","Proteobacteria","Gammaproteobacteria","Enterobacteriales","Enterobacteriaceae",NA,NA
"Bacteria",NA,NA,NA,NA,NA,NA
"Bacteria","Proteobacteria","Betaproteobacteria","Burkholderiales","Oxalobacteraceae","Janthinobacterium",NA
"Bacteria",NA,NA,NA,NA,NA,NA
"Bacteria","Firmicutes","Clostridia","Clostridiales","Veillonellaceae","Pelosinus",NA
"Bacteria","Bacteroidetes","Flavobacteriia","Flavobacteriales","Flavobacteriaceae",NA,NA
"Bacteria","Proteobacteria","Gammaproteobacteria","Enterobacteriales","Enterobacteriaceae","Rahnella","aquatilis"
"Bacteria","Proteobacteria","Gammaproteobacteria","Aeromonadales","Aeromonadaceae","Aeromonas",NA
"Bacteria","Firmicutes","Clostridia","Clostridiales","Lachnospiraceae","Coprococcus",NA
"Bacteria",NA,NA,NA,NA,NA,NA
"Bacteria",NA,NA,NA,NA,NA,NA
"Bacteria","Bacteroidetes","Flavobacteriia","Flavobacteriales","[Weeksellaceae]","Chryseobacterium",NA
"Bacteria","OD1",NA,NA,NA,NA,NA
"Bacteria","OD1",NA,NA,NA,NA,NA
"Bacteria",NA,NA,NA,NA,NA,NA
"Bacteria","OD1",NA,NA,NA,NA,NA
"Bacteria","Bacteroidetes","Bacteroidia","Bacteroidales","Rikenellaceae","Blvii28",NA
"Bacteria","Proteobacteria","Alphaproteobacteria","Caulobacterales","Caulobacteraceae","Brevundimonas",NA
"Bacteria","Firmicutes","Bacilli","Bacillales","Staphylococcaceae","Staphylococcus",NA
"Bacteria","Actinobacteria","Actinobacteria","Actinomycetales","Corynebacteriaceae","Corynebacterium",NA
"Bacteria",NA,NA,NA,NA,NA,NA
"Bacteria",NA,NA,NA,NA,NA,NA
"Bacteria","Proteobacteria","Gammaproteobacteria","Pseudomonadales","Moraxellaceae","Acinetobacter",NA
"Bacteria","Firmicutes","Bacilli","Bacillales","Paenibacillaceae","Paenibacillus",NA
"Bacteria","Proteobacteria","Gammaproteobacteria","Pseudomonadales","Moraxellaceae","Enhydrobacter",NA
"Bacteria","Actinobacteria","Actinobacteria","Actinomycetales","Propionibacteriaceae","Microlunatus","panaciterrae"
"Bacteria","Proteobacteria","Betaproteobacteria","Burkholderiales","Oxalobacteraceae","Ralstonia",NA
"Bacteria","Proteobacteria","Betaproteobacteria","Burkholderiales","Comamonadaceae","Comamonas",NA
"Bacteria","Firmicutes","Clostridia","Clostridiales","[Tissierellaceae]","Sedimentibacter",NA
"Bacteria","Firmicutes","Clostridia","Clostridiales","Clostridiaceae","Clostridium","tyrobutyricum"
"Bacteria","Proteobacteria","Betaproteobacteria","Rhodocyclales","Rhodocyclaceae","Dechloromonas",NA
"Bacteria",NA,NA,NA,NA,NA,NA
"Bacteria","Actinobacteria","Actinobacteria","Actinomycetales","Propionibacteriaceae","Propionibacterium","acnes"
"Bacteria","Proteobacteria","Betaproteobacteria","Burkholderiales","Comamonadaceae",NA,NA
"Bacteria",NA,NA,NA,NA,NA,NA
"Bacteria","Proteobacteria","Gammaproteobacteria","Pseudomonadales","Moraxellaceae","Acinetobacter",NA
"Bacteria","Firmicutes","Bacilli","Bacillales","[Exiguobacteraceae]","Exiguobacterium",NA
"Bacteria","Proteobacteria","Gammaproteobacteria","Pseudomonadales","Moraxellaceae","Acinetobacter",NA
"Bacteria","Proteobacteria","Alphaproteobacteria","Sphingomonadales","Sphingomonadaceae","Sphingomonas",NA
"Bacteria","OD1",NA,NA,NA,NA,NA
"Bacteria","OD1",NA,NA,NA,NA,NA
"Bacteria","OD1",NA,NA,NA,NA,NA
"Bacteria","Bacteroidetes","Flavobacteriia","Flavobacteriales","Flavobacteriaceae","Flavobacterium",NA
"Bacteria","Proteobacteria","Gammaproteobacteria","Aeromonadales","Aeromonadaceae","Aeromonas",NA
"Bacteria","Proteobacteria","Betaproteobacteria","Burkholderiales","Comamonadaceae","Variovorax","paradoxus"
"Bacteria","Firmicutes","Clostridia","Clostridiales","Clostridiaceae","Clostridium",NA
"Bacteria",NA,NA,NA,NA,NA,NA
"Bacteria",NA,NA,NA,NA,NA,NA
"Bacteria","Cyanobacteria","Chloroplast","Stramenopiles",NA,NA,NA
"Bacteria","Deferribacteres","Deferribacteres","Deferribacterales","Deferribacteraceae","Mucispirillum","schaedleri"
"Bacteria","Bacteroidetes","Flavobacteriia","Flavobacteriales","Flavobacteriaceae","Flavobacterium","succinicans"
"Bacteria","Firmicutes","Clostridia","Clostridiales","Veillonellaceae","Pelosinus",NA
"Bacteria","Firmicutes","Clostridia","Clostridiales","Veillonellaceae","Pelosinus",NA
"Bacteria","Proteobacteria","Gammaproteobacteria","Pseudomonadales","Moraxellaceae","Acinetobacter",NA
"Bacteria","Firmicutes","Clostridia","Clostridiales","Clostridiaceae","Clostridium","butyricum"
"Bacteria",NA,NA,NA,NA,NA,NA
"Bacteria","Bacteroidetes","Flavobacteriia","Flavobacteriales",NA,NA,NA
"Bacteria","Bacteroidetes","Flavobacteriia","Flavobacteriales","[Weeksellaceae]","Chryseobacterium",NA
"Bacteria","Proteobacteria","Alphaproteobacteria","Rickettsiales","mitochondria",NA,NA
"Bacteria","Proteobacteria","Alphaproteobacteria","Caulobacterales","Caulobacteraceae",NA,NA
"Bacteria",NA,NA,NA,NA,NA,NA
"Bacteria","Proteobacteria","Gammaproteobacteria","Pseudomonadales","Pseudomonadaceae","Pseudomonas",NA
"Bacteria","Proteobacteria","Alphaproteobacteria","Sphingomonadales","Sphingomonadaceae","Sphingomonas",NA
"Bacteria","OD1",NA,NA,NA,NA,NA
"Bacteria",NA,NA,NA,NA,NA,NA
"Bacteria","OD1",NA,NA,NA,NA,NA
"Bacteria","Firmicutes","Clostridia","Clostridiales","[Tissierellaceae]","Finegoldia",NA
"Bacteria",NA,NA,NA,NA,NA,NA
"Bacteria",NA,NA,NA,NA,NA,NA
"Bacteria","Cyanobacteria","Chloroplast","Cryptophyta",NA,NA,NA
"Bacteria","Firmicutes","Clostridia","Clostridiales","Veillonellaceae","Megamonas","hypermegale"
"Bacteria","Bacteroidetes","Bacteroidia","Bacteroidales","Bacteroidaceae","Bacteroides",NA
"Bacteria",NA,NA,NA,NA,NA,NA
"Bacteria","Proteobacteria","Gammaproteobacteria","Enterobacteriales","Enterobacteriaceae",NA,NA
"Bacteria",NA,NA,NA,NA,NA,NA
"Bacteria",NA,NA,NA,NA,NA,NA
"Bacteria","Proteobacteria","Gammaproteobacteria","Aeromonadales","Aeromonadaceae","Aeromonas",NA
"Bacteria","OD1",NA,NA,NA,NA,NA
"Bacteria",NA,NA,NA,NA,NA,NA
"Bacteria",NA,NA,NA,NA,NA,NA
"Bacteria","Firmicutes","Clostridia","Clostridiales","Veillonellaceae",NA,NA
"Bacteria","Bacteroidetes","Bacteroidia","Bacteroidales","Rikenellaceae","Blvii28",NA
"Bacteria","Actinobacteria","Actinobacteria","Actinomycetales",NA,NA,NA
"Bacteria","Firmicutes","Clostridia","Clostridiales","Ruminococcaceae","Clostridium","hungatei"
"Bacteria","Firmicutes","Clostridia","Clostridiales","Veillonellaceae","Sporomusa","polytropa"
"Bacteria","Firmicutes","Clostridia","Clostridiales","[Acidaminobacteraceae]","Fusibacter",NA
"Bacteria","Proteobacteria","Gammaproteobacteria","Enterobacteriales","Enterobacteriaceae",NA,NA
"Bacteria",NA,NA,NA,NA,NA,NA
"Bacteria","Proteobacteria","Gammaproteobacteria","Pseudomonadales","Moraxellaceae","Acinetobacter",NA
"Bacteria","Bacteroidetes","Sphingobacteriia","Sphingobacteriales","Sphingobacteriaceae","Pedobacter",NA
"Bacteria","Proteobacteria","Gammaproteobacteria","Pseudomonadales","Moraxellaceae","Acinetobacter",NA
"Bacteria","OD1",NA,NA,NA,NA,NA
"Bacteria",NA,NA,NA,NA,NA,NA
"Bacteria","Firmicutes","Clostridia","Clostridiales","Ruminococcaceae","Ruminococcus",NA
"Bacteria","Bacteroidetes","Flavobacteriia","Flavobacteriales","Flavobacteriaceae","Flavobacterium",NA
"Bacteria","OD1",NA,NA,NA,NA,NA
"Bacteria",NA,NA,NA,NA,NA,NA
"Bacteria",NA,NA,NA,NA,NA,NA
"Bacteria","Bacteroidetes",NA,NA,NA,NA,NA
"Bacteria","Proteobacteria","Betaproteobacteria","Burkholderiales","Oxalobacteraceae","Janthinobacterium","lividum"
"Bacteria","Proteobacteria","Gammaproteobacteria","Pseudomonadales","Moraxellaceae","Acinetobacter",NA
"Bacteria","Bacteroidetes","Sphingobacteriia","Sphingobacteriales","Sphingobacteriaceae","Sphingobacterium","faecium"
"Bacteria","Proteobacteria","Gammaproteobacteria","Pseudomonadales","Moraxellaceae","Acinetobacter",NA
"Bacteria","Firmicutes","Clostridia","Clostridiales","Veillonellaceae",NA,NA
"Bacteria",NA,NA,NA,NA,NA,NA
"Bacteria",NA,NA,NA,NA,NA,NA
"Bacteria","OD1",NA,NA,NA,NA,NA
"Bacteria","Proteobacteria","Gammaproteobacteria","Enterobacteriales","Enterobacteriaceae","Serratia",NA
"Bacteria",NA,NA,NA,NA,NA,NA
"Bacteria",NA,NA,NA,NA,NA,NA
"Bacteria","Bacteroidetes","Flavobacteriia","Flavobacteriales","Flavobacteriaceae","Flavobacterium","succinicans"
"Bacteria","Proteobacteria","Gammaproteobacteria","Alteromonadales","Shewanellaceae","Shewanella",NA
"Bacteria","Proteobacteria","Gammaproteobacteria","Enterobacteriales","Enterobacteriaceae",NA,NA
"Bacteria","OD1",NA,NA,NA,NA,NA
"Bacteria",NA,NA,NA,NA,NA,NA
"Bacteria","Proteobacteria","Betaproteobacteria","Neisseriales","Neisseriaceae","Deefgea",NA
"Bacteria","Firmicutes","Clostridia","Clostridiales","Peptostreptococcaceae",NA,NA
"Bacteria","Bacteroidetes","Flavobacteriia","Flavobacteriales","Flavobacteriaceae","Flavobacterium",NA
"Bacteria","Proteobacteria","Gammaproteobacteria",NA,NA,NA,NA
"Bacteria","Proteobacteria","Alphaproteobacteria","Sphingomonadales","Sphingomonadaceae","Sphingomonas",NA
"Bacteria",NA,NA,NA,NA,NA,NA
"Bacteria","Verrucomicrobia","[Spartobacteria]","[Chthoniobacterales]","[Chthoniobacteraceae]","DA101",NA
"Bacteria",NA,NA,NA,NA,NA,NA
"Bacteria","OD1",NA,NA,NA,NA,NA
"Bacteria",NA,NA,NA,NA,NA,NA
"Bacteria","OD1",NA,NA,NA,NA,NA
"Bacteria","OD1",NA,NA,NA,NA,NA
"Bacteria","OD1",NA,NA,NA,NA,NA
"Bacteria",NA,NA,NA,NA,NA,NA
"Bacteria",NA,NA,NA,NA,NA,NA
"Bacteria","Proteobacteria","Gammaproteobacteria","Pseudomonadales","Moraxellaceae","Acinetobacter",NA
"Bacteria","Proteobacteria","Gammaproteobacteria","Pseudomonadales","Moraxellaceae","Acinetobacter",NA
"Bacteria","Firmicutes","Clostridia","Clostridiales",NA,NA,NA
"Bacteria","Firmicutes","Clostridia","Clostridiales","Clostridiaceae",NA,NA
"Bacteria","Firmicutes","Clostridia","Clostridiales","Lachnospiraceae","Coprococcus",NA
"Bacteria","OD1",NA,NA,NA,NA,NA
"Bacteria",NA,NA,NA,NA,NA,NA
"Bacteria","Proteobacteria","Gammaproteobacteria","Aeromonadales","Aeromonadaceae","Aeromonas",NA
"Bacteria","Firmicutes","Bacilli","Bacillales","Paenibacillaceae","Paenibacillus",NA
"Bacteria","OD1",NA,NA,NA,NA,NA
"Bacteria","Proteobacteria","Alphaproteobacteria","Caulobacterales","Caulobacteraceae","Brevundimonas",NA
"Bacteria","Bacteroidetes","Flavobacteriia","Flavobacteriales","Flavobacteriaceae","Eudoraea","adriatica"
"Bacteria","Proteobacteria","Gammaproteobacteria","Enterobacteriales","Enterobacteriaceae","Serratia",NA
"Bacteria","Bacteroidetes","Flavobacteriia","Flavobacteriales","Flavobacteriaceae","Eudoraea","adriatica"
"Bacteria","Proteobacteria","Gammaproteobacteria","Pseudomonadales","Moraxellaceae","Acinetobacter",NA
"Bacteria","Proteobacteria","Alphaproteobacteria","Caulobacterales","Caulobacteraceae","Brevundimonas",NA
"Bacteria","Cyanobacteria","Chloroplast","Stramenopiles",NA,NA,NA
"Bacteria","OD1",NA,NA,NA,NA,NA
"Bacteria","Proteobacteria","Gammaproteobacteria",NA,NA,NA,NA
"Bacteria","Proteobacteria","Gammaproteobacteria","Pseudomonadales","Moraxellaceae","Acinetobacter",NA
"Bacteria","Bacteroidetes","Bacteroidia","Bacteroidales","Porphyromonadaceae","Dysgonomonas",NA
"Bacteria","OD1",NA,NA,NA,NA,NA
"Bacteria","Proteobacteria","Gammaproteobacteria","Enterobacteriales","Enterobacteriaceae",NA,NA
"Bacteria","Bacteroidetes","Flavobacteriia","Flavobacteriales","[Weeksellaceae]","Chryseobacterium",NA
"Bacteria","Verrucomicrobia","[Spartobacteria]","[Chthoniobacterales]","[Chthoniobacteraceae]","DA101",NA
"Bacteria","Proteobacteria","Alphaproteobacteria","BD7-3",NA,NA,NA
"Bacteria","Acidobacteria","Solibacteres","Solibacterales","Solibacteraceae","Candidatus Solibacter",NA
"Bacteria",NA,NA,NA,NA,NA,NA
"Bacteria","OD1",NA,NA,NA,NA,NA
"Bacteria",NA,NA,NA,NA,NA,NA
"Bacteria","Acidobacteria","TM1",NA,NA,NA,NA
"Bacteria","Proteobacteria","Alphaproteobacteria","Sphingomonadales","Sphingomonadaceae",NA,NA
"Bacteria","Proteobacteria","Alphaproteobacteria","Rhodobacterales","Rhodobacteraceae","Paracoccus","marcusii"
"Bacteria","Firmicutes","Bacilli","Bacillales","Paenibacillaceae","Paenibacillus",NA
"Bacteria","OD1",NA,NA,NA,NA,NA
"Bacteria","Proteobacteria","Betaproteobacteria","Rhodocyclales","Rhodocyclaceae","Dechloromonas",NA
"Bacteria","Firmicutes","Clostridia","Clostridiales","Clostridiaceae",NA,NA
"Bacteria",NA,NA,NA,NA,NA,NA
"Bacteria","OD1",NA,NA,NA,NA,NA
"Bacteria",NA,NA,NA,NA,NA,NA
"Bacteria","OD1",NA,NA,NA,NA,NA
"Bacteria",NA,NA,NA,NA,NA,NA
"Bacteria",NA,NA,NA,NA,NA,NA
"Bacteria","OD1",NA,NA,NA,NA,NA
"Bacteria","Proteobacteria","Gammaproteobacteria","Enterobacteriales","Enterobacteriaceae","Serratia","fonticola"
"Bacteria","Proteobacteria","Gammaproteobacteria","Enterobacteriales","Enterobacteriaceae","Serratia","fonticola"
"Bacteria","Proteobacteria","Gammaproteobacteria","Enterobacteriales","Enterobacteriaceae",NA,NA
"Bacteria","Proteobacteria","Gammaproteobacteria","Pseudomonadales","Moraxellaceae",NA,NA
"Bacteria","Bacteroidetes","Bacteroidia","Bacteroidales",NA,NA,NA
"Bacteria","Proteobacteria","Betaproteobacteria","Burkholderiales","Comamonadaceae","Comamonas",NA
"Bacteria","Bacteroidetes","Bacteroidia","Bacteroidales","Rikenellaceae","Blvii28",NA
"Bacteria","Proteobacteria","Gammaproteobacteria","Enterobacteriales","Enterobacteriaceae",NA,NA
"Bacteria","Bacteroidetes",NA,NA,NA,NA,NA
"Bacteria","Bacteroidetes","Sphingobacteriia","Sphingobacteriales","Sphingobacteriaceae","Sphingobacterium","faecium"
"Bacteria","Proteobacteria","Gammaproteobacteria","Aeromonadales","Aeromonadaceae","Aeromonas",NA
"Bacteria","Proteobacteria","Gammaproteobacteria","Aeromonadales","Aeromonadaceae","Aeromonas",NA
"Bacteria","Proteobacteria","Alphaproteobacteria","Caulobacterales","Caulobacteraceae","Brevundimonas",NA
"Bacteria","Actinobacteria","Actinobacteria","Actinomycetales","Microbacteriaceae","Mycetocola",NA
"Bacteria","Proteobacteria","Alphaproteobacteria","Caulobacterales","Caulobacteraceae","Brevundimonas",NA
"Bacteria","Proteobacteria","Alphaproteobacteria","Rickettsiales","mitochondria",NA,NA
"Bacteria","Proteobacteria","Gammaproteobacteria","Aeromonadales","Aeromonadaceae","Aeromonas",NA
"Bacteria","Firmicutes","Clostridia","Clostridiales","Veillonellaceae",NA,NA
"Bacteria","Proteobacteria","Alphaproteobacteria","Rhodobacterales","Rhodobacteraceae",NA,NA
"Bacteria","Bacteroidetes","Flavobacteriia","Flavobacteriales","[Weeksellaceae]","Chryseobacterium",NA
"Bacteria","Proteobacteria","Gammaproteobacteria","Pseudomonadales","Moraxellaceae","Psychrobacter",NA
"Bacteria","Cyanobacteria","Chloroplast","Stramenopiles",NA,NA,NA
"Bacteria","Proteobacteria","Gammaproteobacteria","Enterobacteriales","Enterobacteriaceae",NA,NA
"Bacteria","Proteobacteria","Gammaproteobacteria","Enterobacteriales","Enterobacteriaceae",NA,NA
"Bacteria","Bacteroidetes","Flavobacteriia","Flavobacteriales","[Weeksellaceae]",NA,NA
"Bacteria","Bacteroidetes","Flavobacteriia","Flavobacteriales","Flavobacteriaceae","Gaetbulibacter","marinus"
"Bacteria","Proteobacteria","Gammaproteobacteria","Enterobacteriales","Enterobacteriaceae",NA,NA
"Bacteria","Proteobacteria","Gammaproteobacteria","Aeromonadales","Aeromonadaceae","Aeromonas",NA
"Bacteria","Proteobacteria","Gammaproteobacteria","Pseudomonadales","Moraxellaceae","Acinetobacter",NA
"Bacteria",NA,NA,NA,NA,NA,NA
"Bacteria",NA,NA,NA,NA,NA,NA
"Bacteria",NA,NA,NA,NA,NA,NA
"Bacteria","Cyanobacteria","Chloroplast","Stramenopiles",NA,NA,NA
"Bacteria","Tenericutes","Mollicutes","RF39",NA,NA,NA
"Bacteria","Proteobacteria","Gammaproteobacteria","Enterobacteriales","Enterobacteriaceae",NA,NA
"Bacteria",NA,NA,NA,NA,NA,NA
"Bacteria","Bacteroidetes",NA,NA,NA,NA,NA
"Bacteria","OD1",NA,NA,NA,NA,NA
"Bacteria","Bacteroidetes","Flavobacteriia","Flavobacteriales","[Weeksellaceae]","Chryseobacterium",NA
"Bacteria","Proteobacteria","Betaproteobacteria","Burkholderiales","Comamonadaceae",NA,NA
"Bacteria","Proteobacteria","Gammaproteobacteria","Enterobacteriales","Enterobacteriaceae",NA,NA
"Bacteria",NA,NA,NA,NA,NA,NA
"Bacteria","OD1",NA,NA,NA,NA,NA
"Bacteria","Proteobacteria","Gammaproteobacteria","Pseudomonadales","Moraxellaceae","Acinetobacter",NA
"Bacteria",NA,NA,NA,NA,NA,NA
"Bacteria","OD1",NA,NA,NA,NA,NA
"Bacteria","Proteobacteria","Gammaproteobacteria","Enterobacteriales","Enterobacteriaceae",NA,NA
"Bacteria","OD1",NA,NA,NA,NA,NA
"Bacteria",NA,NA,NA,NA,NA,NA
"Bacteria",NA,NA,NA,NA,NA,NA
"Bacteria",NA,NA,NA,NA,NA,NA
"Bacteria",NA,NA,NA,NA,NA,NA
"Bacteria",NA,NA,NA,NA,NA,NA
"Bacteria",NA,NA,NA,NA,NA,NA
"Bacteria",NA,NA,NA,NA,NA,NA
"Bacteria",NA,NA,NA,NA,NA,NA
"Bacteria","OD1",NA,NA,NA,NA,NA
"Bacteria","OD1",NA,NA,NA,NA,NA
"Bacteria",NA,NA,NA,NA,NA,NA
"Bacteria",NA,NA,NA,NA,NA,NA
"Bacteria","OD1",NA,NA,NA,NA,NA
"Bacteria",NA,NA,NA,NA,NA,NA
"Bacteria",NA,NA,NA,NA,NA,NA
"Bacteria","OD1",NA,NA,NA,NA,NA
"Bacteria",NA,NA,NA,NA,NA,NA
"Bacteria",NA,NA,NA,NA,NA,NA
"Bacteria",NA,NA,NA,NA,NA,NA
"Bacteria",NA,NA,NA,NA,NA,NA
"Bacteria",NA,NA,NA,NA,NA,NA
"Bacteria","Proteobacteria","Betaproteobacteria","Burkholderiales","Comamonadaceae",NA,NA
"Bacteria","Actinobacteria","Actinobacteria","Actinomycetales","Intrasporangiaceae",NA,NA
"Bacteria","Proteobacteria","Alphaproteobacteria","Rhizobiales","Bradyrhizobiaceae",NA,NA
"Bacteria","Firmicutes","Clostridia","Clostridiales","Lachnospiraceae","Clostridium",NA
"Bacteria","Bacteroidetes","Sphingobacteriia","Sphingobacteriales","Sphingobacteriaceae","Pedobacter",NA
"Bacteria","Firmicutes","Bacilli","Bacillales","Paenibacillaceae","Paenibacillus",NA
"Bacteria","Proteobacteria","Alphaproteobacteria","Caulobacterales","Caulobacteraceae",NA,NA
"Bacteria","Bacteroidetes","Sphingobacteriia","Sphingobacteriales","Sphingobacteriaceae","Pedobacter","oryzae"
"Bacteria","Proteobacteria","Gammaproteobacteria","Pseudomonadales","Moraxellaceae","Acinetobacter",NA
"Bacteria","Proteobacteria","Alphaproteobacteria","Caulobacterales","Caulobacteraceae","Brevundimonas",NA
"Bacteria","OD1",NA,NA,NA,NA,NA
"Bacteria","Proteobacteria","Gammaproteobacteria","Enterobacteriales","Enterobacteriaceae",NA,NA
"Bacteria","Proteobacteria","Alphaproteobacteria","Rhizobiales",NA,NA,NA
"Bacteria","Proteobacteria","Gammaproteobacteria","Pseudomonadales","Pseudomonadaceae","Pseudomonas",NA
"Bacteria","Cyanobacteria","Chloroplast","Stramenopiles",NA,NA,NA
"Bacteria","Bacteroidetes","Flavobacteriia","Flavobacteriales",NA,NA,NA
"Bacteria",NA,NA,NA,NA,NA,NA
"Bacteria","Proteobacteria","Betaproteobacteria","Burkholderiales","Oxalobacteraceae","Janthinobacterium","lividum"
"Bacteria","Proteobacteria","Gammaproteobacteria","Pseudomonadales","Moraxellaceae","Acinetobacter",NA
"Bacteria",NA,NA,NA,NA,NA,NA
"Bacteria","Bacteroidetes","Flavobacteriia","Flavobacteriales","[Weeksellaceae]","Chryseobacterium",NA
"Bacteria","Proteobacteria","Gammaproteobacteria","Enterobacteriales","Enterobacteriaceae",NA,NA
"Bacteria","Proteobacteria","Betaproteobacteria","Burkholderiales","Comamonadaceae","Delftia",NA
"Bacteria","Firmicutes","Bacilli","Bacillales","Staphylococcaceae","Staphylococcus",NA
"Bacteria","Proteobacteria","Gammaproteobacteria","Aeromonadales","Aeromonadaceae","Aeromonas",NA
"Bacteria","Proteobacteria","Gammaproteobacteria","Enterobacteriales","Enterobacteriaceae","Serratia","fonticola"
"Bacteria",NA,NA,NA,NA,NA,NA
"Bacteria","Proteobacteria","Gammaproteobacteria","Pseudomonadales","Pseudomonadaceae","Pseudomonas",NA
"Bacteria","Bacteroidetes","Flavobacteriia","Flavobacteriales","Flavobacteriaceae","Flavobacterium",NA
"Bacteria","Proteobacteria","Gammaproteobacteria","Aeromonadales","Aeromonadaceae","Aeromonas",NA
"Bacteria","Planctomycetes","Phycisphaerae","Phycisphaerales",NA,NA,NA
"Bacteria","Proteobacteria","Gammaproteobacteria",NA,NA,NA,NA
"Bacteria","Bacteroidetes",NA,NA,NA,NA,NA
"Bacteria","Bacteroidetes","Flavobacteriia","Flavobacteriales","[Weeksellaceae]","Chryseobacterium",NA
"Bacteria","OD1","ZB2",NA,NA,NA,NA
"Bacteria",NA,NA,NA,NA,NA,NA
"Bacteria","Bacteroidetes","Flavobacteriia","Flavobacteriales","Flavobacteriaceae","Eudoraea","adriatica"
"Bacteria","Cyanobacteria","Chloroplast","Stramenopiles",NA,NA,NA
"Bacteria","Tenericutes","Mollicutes","RF39",NA,NA,NA
"Bacteria","Proteobacteria","Gammaproteobacteria","Pseudomonadales","Pseudomonadaceae","Pseudomonas",NA
"Bacteria","Bacteroidetes","Bacteroidia","Bacteroidales","Porphyromonadaceae","Dysgonomonas",NA
"Bacteria","Firmicutes","Bacilli","Lactobacillales",NA,NA,NA
"Bacteria",NA,NA,NA,NA,NA,NA
"Bacteria","OD1",NA,NA,NA,NA,NA
"Bacteria","OD1",NA,NA,NA,NA,NA
"Bacteria","Firmicutes","Bacilli","Lactobacillales","Enterococcaceae","Vagococcus","salmoninarum"
"Bacteria","Proteobacteria","Gammaproteobacteria","Enterobacteriales","Enterobacteriaceae",NA,NA
"Bacteria","Proteobacteria","Gammaproteobacteria","Pseudomonadales","Pseudomonadaceae","Pseudomonas",NA
"Bacteria","Firmicutes","Bacilli","Bacillales","Bacillaceae",NA,NA
"Bacteria","Bacteroidetes","Bacteroidia","Bacteroidales","Porphyromonadaceae","Dysgonomonas",NA
"Bacteria","Cyanobacteria","4C0d-2","MLE1-12",NA,NA,NA
"Bacteria","OD1",NA,NA,NA,NA,NA
"Bacteria",NA,NA,NA,NA,NA,NA
"Bacteria","Proteobacteria","Gammaproteobacteria","Enterobacteriales","Enterobacteriaceae",NA,NA
"Bacteria","Firmicutes",NA,NA,NA,NA,NA
"Bacteria",NA,NA,NA,NA,NA,NA
"Bacteria","Proteobacteria","Betaproteobacteria","Burkholderiales","Comamonadaceae",NA,NA
"Bacteria",NA,NA,NA,NA,NA,NA
"Bacteria","Proteobacteria","Gammaproteobacteria","Pseudomonadales","Moraxellaceae","Acinetobacter",NA
"Bacteria",NA,NA,NA,NA,NA,NA
"Bacteria",NA,NA,NA,NA,NA,NA
"Bacteria","Proteobacteria","Alphaproteobacteria","Rhizobiales","Methylobacteriaceae","Methylobacterium",NA
"Bacteria","Proteobacteria","Alphaproteobacteria","Sphingomonadales","Sphingomonadaceae","Sphingomonas",NA
"Bacteria",NA,NA,NA,NA,NA,NA
"Bacteria",NA,NA,NA,NA,NA,NA
"Bacteria",NA,NA,NA,NA,NA,NA
"Bacteria","OD1",NA,NA,NA,NA,NA
"Bacteria","Proteobacteria","Betaproteobacteria","Burkholderiales","Comamonadaceae",NA,NA
"Bacteria",NA,NA,NA,NA,NA,NA
"Bacteria",NA,NA,NA,NA,NA,NA
"Bacteria","OD1",NA,NA,NA,NA,NA
"Bacteria","OD1",NA,NA,NA,NA,NA
"Bacteria",NA,NA,NA,NA,NA,NA
"Bacteria",NA,NA,NA,NA,NA,NA
"Bacteria","OD1",NA,NA,NA,NA,NA
"Bacteria",NA,NA,NA,NA,NA,NA
"Bacteria",NA,NA,NA,NA,NA,NA
"Bacteria",NA,NA,NA,NA,NA,NA
"Bacteria",NA,NA,NA,NA,NA,NA
"Bacteria","Proteobacteria","Gammaproteobacteria","Aeromonadales","Aeromonadaceae",NA,NA
"Bacteria","OD1",NA,NA,NA,NA,NA
"Bacteria",NA,NA,NA,NA,NA,NA
"Bacteria",NA,NA,NA,NA,NA,NA
"Bacteria",NA,NA,NA,NA,NA,NA
"Bacteria",NA,NA,NA,NA,NA,NA
"Bacteria",NA,NA,NA,NA,NA,NA
"Bacteria","OD1",NA,NA,NA,NA,NA
"Bacteria",NA,NA,NA,NA,NA,NA
"Bacteria","Proteobacteria","Alphaproteobacteria","Rickettsiales","mitochondria",NA,NA
"Bacteria","OD1",NA,NA,NA,NA,NA
"Bacteria","Proteobacteria","Alphaproteobacteria","Rickettsiales","mitochondria",NA,NA
"Bacteria",NA,NA,NA,NA,NA,NA
"Bacteria",NA,NA,NA,NA,NA,NA
"Bacteria",NA,NA,NA,NA,NA,NA
"Bacteria",NA,NA,NA,NA,NA,NA
"Bacteria",NA,NA,NA,NA,NA,NA
"Bacteria","Firmicutes","Clostridia","Clostridiales","Clostridiaceae",NA,NA
"Bacteria",NA,NA,NA,NA,NA,NA
"Bacteria",NA,NA,NA,NA,NA,NA
"Bacteria","OD1",NA,NA,NA,NA,NA
"Bacteria",NA,NA,NA,NA,NA,NA
"Bacteria","Proteobacteria","Gammaproteobacteria","Aeromonadales","Aeromonadaceae","Aeromonas",NA
"Bacteria","Proteobacteria","Gammaproteobacteria","Pseudomonadales","Pseudomonadaceae",NA,NA
"Bacteria","OD1",NA,NA,NA,NA,NA
"Bacteria","Firmicutes","Bacilli","Bacillales","[Exiguobacteraceae]","Exiguobacterium",NA
"Bacteria","Proteobacteria","Gammaproteobacteria","Enterobacteriales","Enterobacteriaceae",NA,NA
"Bacteria","Proteobacteria","Gammaproteobacteria","Enterobacteriales","Enterobacteriaceae",NA,NA
"Bacteria",NA,NA,NA,NA,NA,NA
"Bacteria","Proteobacteria","Gammaproteobacteria","Aeromonadales","Aeromonadaceae","Aeromonas",NA
"Bacteria","Proteobacteria","Gammaproteobacteria","Pseudomonadales","Pseudomonadaceae","Pseudomonas",NA
"Bacteria","Proteobacteria","Gammaproteobacteria","Pseudomonadales","Pseudomonadaceae",NA,NA
"Bacteria","Proteobacteria","Gammaproteobacteria","Enterobacteriales","Enterobacteriaceae",NA,NA
"Bacteria","Proteobacteria","Alphaproteobacteria","Rickettsiales","mitochondria",NA,NA
"Bacteria","Proteobacteria","Betaproteobacteria","Burkholderiales","Comamonadaceae",NA,NA
"Bacteria","Bacteroidetes","Sphingobacteriia","Sphingobacteriales","Sphingobacteriaceae","Sphingobacterium","faecium"
"Bacteria","Bacteroidetes","Bacteroidia","Bacteroidales","Porphyromonadaceae","Dysgonomonas",NA
"Bacteria","Bacteroidetes","Sphingobacteriia","Sphingobacteriales","Sphingobacteriaceae","Pedobacter","oryzae"
"Bacteria","Proteobacteria","Gammaproteobacteria","Enterobacteriales","Enterobacteriaceae",NA,NA
"Bacteria","Proteobacteria","Betaproteobacteria","Burkholderiales","Comamonadaceae",NA,NA
"Bacteria","Proteobacteria","Betaproteobacteria","Burkholderiales","Oxalobacteraceae",NA,NA
"Bacteria","Bacteroidetes","Bacteroidia","Bacteroidales",NA,NA,NA
"Bacteria","Proteobacteria",NA,NA,NA,NA,NA
"Bacteria","Proteobacteria","Betaproteobacteria","Burkholderiales",NA,NA,NA
"Bacteria","Bacteroidetes","Sphingobacteriia","Sphingobacteriales","Sphingobacteriaceae","Pedobacter",NA
"Bacteria","Proteobacteria","Gammaproteobacteria","Pseudomonadales","Pseudomonadaceae",NA,NA
"Bacteria",NA,NA,NA,NA,NA,NA
"Bacteria","Bacteroidetes","Bacteroidia","Bacteroidales",NA,NA,NA
"Bacteria","Proteobacteria","Gammaproteobacteria","Pseudomonadales","Moraxellaceae","Acinetobacter",NA
"Bacteria",NA,NA,NA,NA,NA,NA
"Bacteria","Bacteroidetes","Flavobacteriia","Flavobacteriales",NA,NA,NA
"Bacteria","Proteobacteria","Gammaproteobacteria",NA,NA,NA,NA
"Bacteria","OD1",NA,NA,NA,NA,NA
"Bacteria",NA,NA,NA,NA,NA,NA
"Bacteria","Cyanobacteria","Chloroplast","Chlorophyta","Mamiellaceae",NA,NA
"Bacteria","Firmicutes","Bacilli","Bacillales","Staphylococcaceae","Staphylococcus",NA
"Bacteria","Proteobacteria","Alphaproteobacteria","Rickettsiales","mitochondria",NA,NA
"Bacteria",NA,NA,NA,NA,NA,NA
"Bacteria","Proteobacteria","Gammaproteobacteria","Pseudomonadales","Pseudomonadaceae",NA,NA
"Bacteria","Bacteroidetes","Flavobacteriia","Flavobacteriales","[Weeksellaceae]","Chryseobacterium",NA
"Bacteria","Proteobacteria","Alphaproteobacteria","Rickettsiales","mitochondria",NA,NA
"Bacteria","OD1",NA,NA,NA,NA,NA
"Bacteria","Proteobacteria","Alphaproteobacteria","Rickettsiales","mitochondria",NA,NA
"Bacteria","Firmicutes","Bacilli","Bacillales","Staphylococcaceae","Staphylococcus",NA
"Bacteria","Proteobacteria","Gammaproteobacteria","Pseudomonadales","Pseudomonadaceae","Pseudomonas",NA
"Bacteria",NA,NA,NA,NA,NA,NA
"Bacteria","Proteobacteria","Gammaproteobacteria","Pseudomonadales","Moraxellaceae","Acinetobacter",NA
"Bacteria","Bacteroidetes","Flavobacteriia","Flavobacteriales",NA,NA,NA
"Bacteria","Proteobacteria","Betaproteobacteria","Burkholderiales","Oxalobacteraceae","Massilia",NA
"Bacteria","OD1",NA,NA,NA,NA,NA
"Bacteria","Bacteroidetes","Flavobacteriia","Flavobacteriales",NA,NA,NA
"Bacteria","Proteobacteria","Gammaproteobacteria","Aeromonadales","Aeromonadaceae","Aeromonas",NA
"Bacteria","Proteobacteria","Alphaproteobacteria","Caulobacterales",NA,NA,NA
"Bacteria","Planctomycetes","Phycisphaerae","Phycisphaerales",NA,NA,NA
"Bacteria",NA,NA,NA,NA,NA,NA
"Bacteria","Bacteroidetes","Bacteroidia","Bacteroidales",NA,NA,NA
"Bacteria","Proteobacteria","Betaproteobacteria","Burkholderiales","Oxalobacteraceae","Janthinobacterium","lividum"
"Bacteria","Bacteroidetes",NA,NA,NA,NA,NA
"Bacteria","Proteobacteria","Alphaproteobacteria","Caulobacterales","Caulobacteraceae","Brevundimonas",NA
"Bacteria","OD1",NA,NA,NA,NA,NA
"Bacteria","Proteobacteria","Gammaproteobacteria","Pseudomonadales","Moraxellaceae","Psychrobacter","pacificensis"
"Bacteria","OD1",NA,NA,NA,NA,NA
"Bacteria","Proteobacteria","Gammaproteobacteria","Enterobacteriales","Enterobacteriaceae","Serratia",NA
"Bacteria",NA,NA,NA,NA,NA,NA
"Bacteria",NA,NA,NA,NA,NA,NA
"Bacteria",NA,NA,NA,NA,NA,NA
"Bacteria",NA,NA,NA,NA,NA,NA
"Bacteria","Proteobacteria","Gammaproteobacteria","Aeromonadales","Aeromonadaceae","Aeromonas",NA
"Bacteria","Proteobacteria","Gammaproteobacteria","Aeromonadales","Aeromonadaceae",NA,NA
"Bacteria",NA,NA,NA,NA,NA,NA
"Bacteria","Proteobacteria","Alphaproteobacteria",NA,NA,NA,NA
"Bacteria","OD1",NA,NA,NA,NA,NA
"Bacteria",NA,NA,NA,NA,NA,NA
"Bacteria","OD1",NA,NA,NA,NA,NA
"Bacteria","Bacteroidetes","Flavobacteriia","Flavobacteriales","Cryomorphaceae","Fluviicola",NA
"Bacteria","Bacteroidetes","Flavobacteriia","Flavobacteriales","[Weeksellaceae]","Chryseobacterium",NA
"Bacteria","Proteobacteria","Betaproteobacteria","Burkholderiales","Comamonadaceae","Delftia",NA
"Bacteria",NA,NA,NA,NA,NA,NA
"Bacteria",NA,NA,NA,NA,NA,NA
"Bacteria","Proteobacteria","Gammaproteobacteria",NA,NA,NA,NA
"Bacteria","Proteobacteria","Gammaproteobacteria","Pseudomonadales","Moraxellaceae","Acinetobacter",NA
"Bacteria","Bacteroidetes","Flavobacteriia","Flavobacteriales","[Weeksellaceae]",NA,NA
"Bacteria","Proteobacteria","Gammaproteobacteria","Enterobacteriales","Enterobacteriaceae",NA,NA
"Bacteria",NA,NA,NA,NA,NA,NA
"Bacteria",NA,NA,NA,NA,NA,NA
"Bacteria",NA,NA,NA,NA,NA,NA
"Bacteria","Proteobacteria","Gammaproteobacteria","Enterobacteriales","Enterobacteriaceae","Serratia",NA
"Bacteria","Proteobacteria","Gammaproteobacteria","Aeromonadales","Aeromonadaceae","Aeromonas",NA
"Bacteria","Proteobacteria","Gammaproteobacteria","Enterobacteriales","Enterobacteriaceae",NA,NA
"Bacteria","Proteobacteria","Gammaproteobacteria","Pseudomonadales","Pseudomonadaceae","Pseudomonas",NA
"Bacteria",NA,NA,NA,NA,NA,NA
"Bacteria","Proteobacteria","Gammaproteobacteria",NA,NA,NA,NA
"Bacteria",NA,NA,NA,NA,NA,NA
"Bacteria","OD1",NA,NA,NA,NA,NA
"Bacteria","Proteobacteria","Gammaproteobacteria","Enterobacteriales","Enterobacteriaceae",NA,NA
"Bacteria","Proteobacteria","Gammaproteobacteria","Enterobacteriales","Enterobacteriaceae","Serratia","fonticola"
"Bacteria",NA,NA,NA,NA,NA,NA
"Bacteria",NA,NA,NA,NA,NA,NA
"Bacteria","Proteobacteria","Betaproteobacteria","Burkholderiales","Oxalobacteraceae",NA,NA
"Bacteria",NA,NA,NA,NA,NA,NA
"Bacteria","OD1",NA,NA,NA,NA,NA
"Bacteria","OD1",NA,NA,NA,NA,NA
"Bacteria","Proteobacteria","Betaproteobacteria","Burkholderiales","Comamonadaceae",NA,NA
"Bacteria","Proteobacteria","Gammaproteobacteria","Aeromonadales","Aeromonadaceae","Aeromonas",NA
"Bacteria","Proteobacteria","Gammaproteobacteria","Aeromonadales","Aeromonadaceae","Aeromonas",NA
"Bacteria",NA,NA,NA,NA,NA,NA
"Bacteria",NA,NA,NA,NA,NA,NA
"Bacteria",NA,NA,NA,NA,NA,NA
"Bacteria",NA,NA,NA,NA,NA,NA
"Bacteria",NA,NA,NA,NA,NA,NA
"Bacteria","OD1",NA,NA,NA,NA,NA
"Bacteria","OD1",NA,NA,NA,NA,NA
"Bacteria",NA,NA,NA,NA,NA,NA
"Bacteria","OD1",NA,NA,NA,NA,NA
"Bacteria",NA,NA,NA,NA,NA,NA
"Bacteria","Proteobacteria","Alphaproteobacteria",NA,NA,NA,NA
"Bacteria","Firmicutes","Bacilli","Lactobacillales","Enterococcaceae","Vagococcus","salmoninarum"
"Bacteria","OD1",NA,NA,NA,NA,NA
"Bacteria","Firmicutes","Bacilli","Bacillales","Paenibacillaceae","Paenibacillus",NA
"Bacteria","OD1",NA,NA,NA,NA,NA
"Bacteria","Proteobacteria","Gammaproteobacteria","Aeromonadales","Aeromonadaceae","Aeromonas",NA
"Bacteria","OD1",NA,NA,NA,NA,NA
"Bacteria","Firmicutes","Clostridia","Clostridiales","Peptostreptococcaceae",NA,NA
"Bacteria","Proteobacteria","Alphaproteobacteria","Rhodobacterales","Rhodobacteraceae","Paracoccus","marcusii"
"Bacteria","Bacteroidetes","Cytophagia","Cytophagales",NA,NA,NA
"Bacteria",NA,NA,NA,NA,NA,NA
"Bacteria","Proteobacteria","Gammaproteobacteria","Pseudomonadales","Pseudomonadaceae","Pseudomonas",NA
"Bacteria",NA,NA,NA,NA,NA,NA
"Bacteria",NA,NA,NA,NA,NA,NA
"Bacteria","OD1",NA,NA,NA,NA,NA
"Bacteria","OD1",NA,NA,NA,NA,NA
"Bacteria",NA,NA,NA,NA,NA,NA
"Bacteria","Proteobacteria","Alphaproteobacteria","Rickettsiales","mitochondria",NA,NA
"Bacteria","OD1",NA,NA,NA,NA,NA
"Bacteria",NA,NA,NA,NA,NA,NA
"Bacteria","OD1",NA,NA,NA,NA,NA
"Bacteria",NA,NA,NA,NA,NA,NA
"Bacteria","OD1",NA,NA,NA,NA,NA
"Bacteria",NA,NA,NA,NA,NA,NA
"Bacteria","OD1",NA,NA,NA,NA,NA
"Bacteria",NA,NA,NA,NA,NA,NA
"Bacteria","OD1",NA,NA,NA,NA,NA
"Bacteria",NA,NA,NA,NA,NA,NA
"Bacteria",NA,NA,NA,NA,NA,NA
"Bacteria",NA,NA,NA,NA,NA,NA
"Bacteria","OD1",NA,NA,NA,NA,NA
"Bacteria","OD1",NA,NA,NA,NA,NA
"Bacteria","OD1",NA,NA,NA,NA,NA
"Bacteria",NA,NA,NA,NA,NA,NA
"Bacteria",NA,NA,NA,NA,NA,NA
"Bacteria","Proteobacteria","Alphaproteobacteria","Rickettsiales","mitochondria",NA,NA
"Bacteria","OD1",NA,NA,NA,NA,NA
"Bacteria","OD1",NA,NA,NA,NA,NA
"Bacteria",NA,NA,NA,NA,NA,NA
"Bacteria",NA,NA,NA,NA,NA,NA
"Bacteria",NA,NA,NA,NA,NA,NA
"Bacteria",NA,NA,NA,NA,NA,NA
"Bacteria","OD1",NA,NA,NA,NA,NA
"Bacteria","Proteobacteria","Alphaproteobacteria","Rickettsiales","mitochondria",NA,NA
"Unassigned",NA,NA,NA,NA,NA,NA
"Bacteria",NA,NA,NA,NA,NA,NA
"Bacteria",NA,NA,NA,NA,NA,NA
"Bacteria","Proteobacteria","Gammaproteobacteria","Aeromonadales","Aeromonadaceae",NA,NA
"Bacteria","Proteobacteria","Alphaproteobacteria","Rickettsiales","mitochondria",NA,NA
"Bacteria",NA,NA,NA,NA,NA,NA
"Bacteria",NA,NA,NA,NA,NA,NA
"Bacteria",NA,NA,NA,NA,NA,NA
"Bacteria","OD1",NA,NA,NA,NA,NA
"Bacteria",NA,NA,NA,NA,NA,NA
"Bacteria",NA,NA,NA,NA,NA,NA
"Bacteria","OD1",NA,NA,NA,NA,NA
"Bacteria","Proteobacteria","Alphaproteobacteria","Rickettsiales","mitochondria",NA,NA
"Bacteria","OD1",NA,NA,NA,NA,NA
"Bacteria","OD1",NA,NA,NA,NA,NA
"Bacteria",NA,NA,NA,NA,NA,NA
"Bacteria","Proteobacteria","Alphaproteobacteria","Rickettsiales","mitochondria",NA,NA
"Bacteria","OD1",NA,NA,NA,NA,NA
"Bacteria",NA,NA,NA,NA,NA,NA
"Bacteria",NA,NA,NA,NA,NA,NA
"Bacteria",NA,NA,NA,NA,NA,NA
"Bacteria",NA,NA,NA,NA,NA,NA
"Bacteria","OD1",NA,NA,NA,NA,NA
"Bacteria","OD1",NA,NA,NA,NA,NA
"Bacteria","OD1",NA,NA,NA,NA,NA
"Bacteria","Proteobacteria","Betaproteobacteria","Neisseriales","Neisseriaceae","Chromobacterium",NA
"Bacteria","OD1",NA,NA,NA,NA,NA
"Bacteria",NA,NA,NA,NA,NA,NA
"Bacteria","OD1",NA,NA,NA,NA,NA
"Bacteria",NA,NA,NA,NA,NA,NA
"Bacteria","Proteobacteria","Betaproteobacteria","Burkholderiales","Comamonadaceae",NA,NA
"Bacteria","Proteobacteria","Gammaproteobacteria","Aeromonadales","Aeromonadaceae","Aeromonas",NA
"Bacteria","Bacteroidetes","Sphingobacteriia","Sphingobacteriales","Sphingobacteriaceae","Pedobacter",NA
"Bacteria",NA,NA,NA,NA,NA,NA
"Bacteria",NA,NA,NA,NA,NA,NA
"Bacteria","Proteobacteria","Gammaproteobacteria","Pseudomonadales","Pseudomonadaceae","Pseudomonas",NA
